{"cameraMode":{"drawMode":0,"name":"Shaded","section":"Shading Mode"},"sceneLighting":true,"audioPlay":false,"sceneViewState":{"showFog":true,"showMaterialUpdate":false,"showSkybox":true,"showFlares":true,"showImageEffects":true,"showParticleSystems":true},"in2DMode":false,"pivot":{"x":18.1209716796875,"y":-1.3972020149230958,"z":7.898810863494873},"rotation":{"x":0.05570525676012039,"y":0.56802898645401,"z":-0.038577448576688769,"w":0.8202467560768127},"size":8.202924728393555,"orthographic":false}