{"cameraMode":{"drawMode":0,"name":"Shaded","section":"Shading Mode"},"sceneLighting":false,"audioPlay":false,"sceneViewState":{"showFog":true,"showMaterialUpdate":false,"showSkybox":false,"showFlares":true,"showImageEffects":true,"showParticleSystems":true},"in2DMode":false,"pivot":{"x":15.986000061035157,"y":2.193338632583618,"z":9.403999328613282},"rotation":{"x":0.022020723670721055,"y":0.12356753647327423,"z":0.00272988248616457,"w":-0.9921149611473084},"size":0.31516164541244509,"orthographic":true}