{"cameraMode":{"drawMode":0,"name":"Shaded","section":"Shading Mode"},"sceneLighting":false,"audioPlay":false,"sceneViewState":{"showFog":true,"showMaterialUpdate":false,"showSkybox":false,"showFlares":true,"showImageEffects":true,"showParticleSystems":true},"in2DMode":false,"pivot":{"x":11.781078338623047,"y":-0.3427700400352478,"z":10.780348777770996},"rotation":{"x":-0.1701134741306305,"y":0.06409921497106552,"z":-0.011083126999437809,"w":-0.9832828640937805},"size":1.024886131286621,"orthographic":true}