{"cameraMode":{"drawMode":0,"name":"Shaded","section":"Shading Mode"},"sceneLighting":false,"audioPlay":false,"sceneViewState":{"showFog":true,"showMaterialUpdate":false,"showSkybox":false,"showFlares":true,"showImageEffects":true,"showParticleSystems":true},"in2DMode":false,"pivot":{"x":5.173075199127197,"y":-0.9391951560974121,"z":-5.993714332580566},"rotation":{"x":-0.008316642604768277,"y":0.9901723265647888,"z":-0.06724614650011063,"w":-0.12242551147937775},"size":3.6373064517974855,"orthographic":true}