{"cameraMode":{"drawMode":0,"name":"Shaded","section":"Shading Mode"},"sceneLighting":false,"audioPlay":false,"sceneViewState":{"showFog":true,"showMaterialUpdate":false,"showSkybox":false,"showFlares":true,"showImageEffects":true,"showParticleSystems":true},"in2DMode":false,"pivot":{"x":0.04699362814426422,"y":0.025806957855820657,"z":-0.03676093369722366},"rotation":{"x":0.20396099984645844,"y":0.06164974719285965,"z":-0.012866958975791932,"w":0.9769826531410217},"size":0.10078300535678864,"orthographic":true}