{"cameraMode":{"drawMode":0,"name":"Shaded","section":"Shading Mode"},"sceneLighting":false,"audioPlay":false,"sceneViewState":{"showFog":true,"showMaterialUpdate":false,"showSkybox":false,"showFlares":true,"showImageEffects":true,"showParticleSystems":true},"in2DMode":false,"pivot":{"x":0.06472499668598175,"y":0.012600000947713852,"z":-0.007550023961812258},"rotation":{"x":0.20396099984645844,"y":0.06164974719285965,"z":-0.012866958975791932,"w":0.9769826531410217},"size":0.09296856075525284,"orthographic":true}