{"cameraMode":{"drawMode":0,"name":"Shaded","section":"Shading Mode"},"sceneLighting":false,"audioPlay":false,"sceneViewState":{"showFog":true,"showMaterialUpdate":false,"showSkybox":false,"showFlares":true,"showImageEffects":true,"showParticleSystems":true},"in2DMode":false,"pivot":{"x":2.649733781814575,"y":-0.5906960368156433,"z":-6.047829627990723},"rotation":{"x":-0.09799797832965851,"y":0.4449213743209839,"z":-0.04905349016189575,"w":-0.8888434767723084},"size":6.730140686035156,"orthographic":false}