{"cameraMode":{"drawMode":0,"name":"Shaded","section":"Shading Mode"},"sceneLighting":false,"audioPlay":false,"sceneViewState":{"showFog":true,"showMaterialUpdate":false,"showSkybox":false,"showFlares":true,"showImageEffects":true,"showParticleSystems":true},"in2DMode":false,"pivot":{"x":0.06567500531673432,"y":0.012600000947713852,"z":-0.007550023961812258},"rotation":{"x":0.007743034511804581,"y":0.13014768064022065,"z":-0.001021917792968452,"w":0.9914955496788025},"size":0.08667958527803421,"orthographic":true}