{"cameraMode":{"drawMode":0,"name":"Shaded","section":"Shading Mode"},"sceneLighting":false,"audioPlay":false,"sceneViewState":{"showFog":true,"showMaterialUpdate":false,"showSkybox":false,"showFlares":true,"showImageEffects":true,"showParticleSystems":true},"in2DMode":false,"pivot":{"x":5.193258762359619,"y":-0.729195237159729,"z":-9.495113372802735},"rotation":{"x":-0.1345209926366806,"y":0.07455141842365265,"z":-0.01009924802929163,"w":-0.9880679249763489},"size":0.9173147082328796,"orthographic":true}