{"cameraMode":{"drawMode":0,"name":"Shaded","section":"Shading Mode"},"sceneLighting":false,"audioPlay":false,"sceneViewState":{"showFog":true,"showMaterialUpdate":false,"showSkybox":false,"showFlares":true,"showImageEffects":true,"showParticleSystems":true},"in2DMode":false,"pivot":{"x":5.193258762359619,"y":-0.729195237159729,"z":-9.495113372802735},"rotation":{"x":-0.1207050308585167,"y":0.1911373883485794,"z":-0.02364726923406124,"w":-0.9738433957099915},"size":0.7802173495292664,"orthographic":true}