{"cameraMode":{"drawMode":0,"name":"Shaded","section":"Shading Mode"},"sceneLighting":false,"audioPlay":false,"sceneViewState":{"showFog":true,"showMaterialUpdate":false,"showSkybox":false,"showFlares":true,"showImageEffects":true,"showParticleSystems":true},"in2DMode":false,"pivot":{"x":-0.33066701889038088,"y":0.42401742935180666,"z":-2.386324644088745},"rotation":{"x":0.09722404927015305,"y":0.4078746438026428,"z":-0.04373539611697197,"w":0.906812310218811},"size":0.9990934729576111,"orthographic":true}