{"cameraMode":{"drawMode":0,"name":"Shaded","section":"Shading Mode"},"sceneLighting":false,"audioPlay":false,"sceneViewState":{"showFog":true,"showMaterialUpdate":false,"showSkybox":false,"showFlares":true,"showImageEffects":true,"showParticleSystems":true},"in2DMode":false,"pivot":{"x":-0.15423190593719483,"y":0.6320401430130005,"z":-2.590364456176758},"rotation":{"x":-0.03654434531927109,"y":-0.5033426284790039,"z":0.02130010537803173,"w":-0.8631134033203125},"size":1.4472531080245972,"orthographic":true}