{"cameraMode":{"drawMode":0,"name":"Shaded","section":"Shading Mode"},"sceneLighting":false,"audioPlay":false,"sceneViewState":{"showFog":true,"showMaterialUpdate":false,"showSkybox":false,"showFlares":true,"showImageEffects":true,"showParticleSystems":true},"in2DMode":false,"pivot":{"x":2.77006196975708,"y":0.8060777187347412,"z":3.3257761001586916},"rotation":{"x":-0.04241924732923508,"y":0.949917733669281,"z":-0.14824269711971284,"w":-0.2718157470226288},"size":4.25536584854126,"orthographic":false}