{"cameraMode":{"drawMode":0,"name":"Shaded","section":"Shading Mode"},"sceneLighting":true,"audioPlay":false,"sceneViewState":{"showFog":true,"showMaterialUpdate":false,"showSkybox":true,"showFlares":true,"showImageEffects":true,"showParticleSystems":true},"in2DMode":false,"pivot":{"x":21.085132598876954,"y":0.7590302228927612,"z":5.144649028778076},"rotation":{"x":-0.07347171753644943,"y":0.7446933388710022,"z":-0.08332543820142746,"w":-0.6582606434822083},"size":0.9255983233451843,"orthographic":false}