{"cameraMode":{"drawMode":0,"name":"Shaded","section":"Shading Mode"},"sceneLighting":true,"audioPlay":false,"sceneViewState":{"showFog":true,"showMaterialUpdate":false,"showSkybox":true,"showFlares":true,"showImageEffects":true,"showParticleSystems":true},"in2DMode":false,"pivot":{"x":413.72991943359377,"y":-21.590347290039064,"z":506.966064453125},"rotation":{"x":0.14657557010650636,"y":0.05190306156873703,"z":-0.007701200433075428,"w":0.9878100752830505},"size":664.5777587890625,"orthographic":false}