{"cameraMode":{"drawMode":0,"name":"Shaded","section":"Shading Mode"},"sceneLighting":false,"audioPlay":false,"sceneViewState":{"showFog":true,"showMaterialUpdate":false,"showSkybox":false,"showFlares":true,"showImageEffects":true,"showParticleSystems":true},"in2DMode":false,"pivot":{"x":4.461804389953613,"y":5.183113098144531,"z":-92.921875},"rotation":{"x":-0.0891856700181961,"y":-0.654509961605072,"z":0.0780818983912468,"w":-0.7467793226242065},"size":7.66987943649292,"orthographic":true}