{"cameraMode":{"drawMode":0,"name":"Shaded","section":"Shading Mode"},"sceneLighting":true,"audioPlay":false,"sceneViewState":{"showFog":true,"showMaterialUpdate":false,"showSkybox":true,"showFlares":true,"showImageEffects":true,"showParticleSystems":true},"in2DMode":false,"pivot":{"x":-9.244745254516602,"y":-0.7743459939956665,"z":-8.021429061889649},"rotation":{"x":0.09194069355726242,"y":-0.7250491976737976,"z":0.09871893376111984,"w":0.6754101514816284},"size":15.096271514892579,"orthographic":false}