{"cameraMode":{"drawMode":0,"name":"Shaded","section":"Shading Mode"},"sceneLighting":false,"audioPlay":false,"sceneViewState":{"showFog":true,"showMaterialUpdate":false,"showSkybox":false,"showFlares":true,"showImageEffects":true,"showParticleSystems":true},"in2DMode":false,"pivot":{"x":-10.920913696289063,"y":6.566048622131348,"z":-41.079254150390628},"rotation":{"x":0.0856182649731636,"y":0.8425246477127075,"z":-0.14053970575332642,"w":0.51300448179245},"size":12.514054298400879,"orthographic":true}