{"cameraMode":{"drawMode":0,"name":"Shaded","section":"Shading Mode"},"sceneLighting":false,"audioPlay":false,"sceneViewState":{"showFog":true,"showMaterialUpdate":false,"showSkybox":false,"showFlares":true,"showImageEffects":true,"showParticleSystems":true},"in2DMode":false,"pivot":{"x":1.1346575021743775,"y":1.6052377223968506,"z":4.338907241821289},"rotation":{"x":-0.03387719765305519,"y":0.5065222382545471,"z":-0.019920088350772859,"w":-0.8613378405570984},"size":1.8553662300109864,"orthographic":true}